date,equity,capital,open_positions,candidates,promoted,best_test_sharpe,macro_bias,fear_greed,news_hits
2026-06-25 12:08,10000.0,10000.0,0,6,3,1.454,neutral,12,1
2026-06-25 12:08,10000.0,10000.0,0,5,3,1.454,neutral,12,1
2026-06-25 12:09,10000.0,10000.0,0,5,3,1.454,neutral,12,1
2026-06-25 12:09,10000.0,10000.0,0,5,3,1.454,neutral,12,1
2026-06-25 12:10,10000.0,10000.0,0,5,3,1.454,neutral,12,1
2026-06-25 12:11,10000.0,10000.0,0,5,3,1.454,neutral,12,1
2026-06-25 12:11,10000.0,10000.0,0,5,3,1.454,neutral,12,1
2026-06-25 12:12,10000.0,10000.0,0,4,3,1.454,neutral,12,1
2026-06-25 12:13,10000.0,10000.0,0,6,3,1.454,neutral,12,1
2026-06-25 12:13,10000.0,10000.0,0,7,3,1.454,neutral,12,1
2026-06-25 12:14,10000.0,10000.0,0,5,3,1.454,neutral,12,1
2026-06-25 12:14,10000.0,10000.0,0,7,3,1.454,neutral,12,1
2026-06-25 12:15,10000.0,10000.0,0,6,3,1.454,neutral,12,1
2026-06-25 12:15,10000.67,8100.0,2,3,6,1.454,neutral,12,1
2026-06-25 13:53,10000.0,10000.0,0,8,3,2.632,neutral,12,1
2026-06-25 13:54,10000.0,10000.0,0,6,3,2.632,neutral,12,1
2026-06-25 13:54,10000.0,10000.0,0,5,3,2.632,neutral,12,1
2026-06-25 13:55,10000.0,10000.0,0,7,3,2.632,neutral,12,1
2026-06-25 13:55,10000.0,10000.0,0,5,3,2.632,neutral,12,1
2026-06-25 13:56,10000.0,10000.0,0,5,3,2.632,neutral,12,1
2026-06-25 13:56,10000.0,10000.0,0,7,3,2.632,neutral,12,1
2026-06-25 13:57,10000.0,10000.0,0,5,3,2.632,neutral,12,1
2026-06-25 13:57,10001.38,8100.0,2,2,6,2.632,neutral,12,1
2026-06-25 15:16,10025.65,8100.0,2,4,6,2.632,neutral,12,1
2026-06-25 15:16,10020.22,8100.0,2,6,6,2.632,neutral,12,1
2026-06-25 15:16,10017.98,8100.0,2,6,6,2.632,neutral,12,1
2026-06-25 15:17,10022.7,8100.0,2,6,6,2.632,neutral,12,1
2026-06-25 15:17,10023.87,8100.0,2,6,6,2.632,neutral,12,1
2026-06-25 15:17,10025.93,8100.0,2,5,6,2.632,neutral,12,1
2026-06-25 15:17,10025.63,8100.0,2,6,6,2.632,neutral,12,1
2026-06-25 15:18,10025.93,8100.0,2,5,6,2.632,neutral,12,1
2026-06-25 15:18,10032.67,8100.0,2,6,6,2.632,neutral,12,1
2026-06-25 15:18,10035.92,8100.0,2,5,6,2.632,neutral,12,1
2026-06-25 15:19,10037.23,8100.0,2,5,6,2.632,neutral,12,1
2026-06-25 15:19,10037.39,8100.0,2,5,6,2.632,neutral,12,1
2026-06-25 15:19,10036.94,8100.0,2,5,6,2.632,neutral,12,1
2026-06-25 15:20,10033.63,8100.0,2,6,6,2.632,neutral,12,1
2026-06-25 15:20,10031.37,8100.0,2,3,9,2.632,neutral,12,1
2026-06-25 17:26,10070.01,8100.0,2,7,9,3.557,neutral,12,1
2026-06-25 17:27,10075.0,8100.0,2,5,9,3.557,neutral,12,1
2026-06-25 17:27,10076.77,8100.0,2,6,9,3.987,neutral,12,1
2026-06-25 17:27,10076.77,8100.0,2,6,9,3.987,neutral,12,1
2026-06-25 17:28,10077.37,8100.0,2,6,9,3.987,neutral,12,1
2026-06-25 17:28,10073.24,8100.0,2,6,9,4.166,neutral,12,1
2026-06-25 17:28,10074.71,8100.0,2,7,9,4.166,neutral,12,1
2026-06-25 17:29,10075.44,8100.0,2,7,9,4.166,neutral,12,1
2026-06-25 17:29,10078.68,8100.0,2,7,9,4.166,neutral,12,1
2026-06-25 17:29,10079.12,8100.0,2,6,9,4.166,neutral,12,1
2026-06-25 17:30,10077.94,8100.0,2,6,9,4.166,neutral,12,1
2026-06-25 17:30,10078.23,8100.0,2,6,9,4.166,neutral,12,1
2026-06-25 17:30,10078.37,8100.0,2,5,9,4.166,neutral,12,1
2026-06-25 17:31,10075.87,8100.0,2,6,9,4.245,neutral,12,1
2026-06-25 17:31,10076.32,8100.0,2,7,9,4.245,neutral,12,1
2026-06-25 17:31,10072.95,8100.0,2,5,9,4.245,neutral,12,1
2026-06-25 17:31,10072.5,8100.0,2,3,11,4.245,neutral,12,1
2026-06-25 19:26,10037.68,8100.0,2,6,11,4.245,neutral,12,1
2026-06-25 19:27,10036.8,8100.0,2,6,11,4.245,neutral,12,1
2026-06-25 19:27,10036.79,8100.0,2,8,11,4.245,neutral,12,1
2026-06-25 19:27,10037.68,8100.0,2,8,11,4.245,neutral,12,1
2026-06-25 19:28,10037.68,8100.0,2,7,11,4.245,neutral,12,1
2026-06-25 19:28,10036.51,8100.0,2,7,11,4.245,neutral,12,1
2026-06-25 19:28,10035.78,8100.0,2,6,11,4.245,neutral,12,1
2026-06-25 19:29,10035.92,8100.0,2,7,11,4.245,neutral,12,1
2026-06-25 19:29,10036.51,8100.0,2,6,11,4.429,neutral,12,1
2026-06-25 19:29,10038.29,8100.0,2,8,11,4.429,neutral,12,1
2026-06-25 19:29,10039.74,8100.0,2,6,11,4.429,neutral,12,1
2026-06-25 19:30,10040.91,8100.0,2,8,11,4.429,neutral,12,1
2026-06-25 19:30,10041.21,8100.0,2,6,11,4.429,neutral,12,1
2026-06-25 19:30,10040.62,8100.0,2,6,11,4.429,neutral,12,1
2026-06-25 19:31,10039.74,8100.0,2,6,11,4.429,neutral,12,1
2026-06-25 19:31,10040.33,8100.0,2,6,11,4.429,neutral,12,1
2026-06-25 19:31,10040.03,8100.0,2,6,11,4.429,neutral,12,1
2026-06-25 19:31,10040.33,8100.0,2,4,13,4.429,neutral,12,1
2026-06-25 21:15,10053.84,8100.0,2,6,13,4.429,neutral,12,1
2026-06-25 21:15,10055.02,8100.0,2,8,13,4.429,neutral,12,1
2026-06-25 21:15,10053.98,8100.0,2,7,13,4.429,neutral,12,1
2026-06-25 21:16,10052.96,8100.0,2,6,13,4.429,neutral,12,1
2026-06-25 21:16,10051.94,8100.0,2,6,13,4.429,neutral,12,1
2026-06-25 21:16,10052.08,8100.0,2,6,13,4.429,neutral,12,1
2026-06-25 21:17,10051.79,8100.0,2,6,13,4.429,neutral,12,1
2026-06-25 21:17,10051.2,8100.0,2,6,13,4.429,neutral,12,1
2026-06-25 21:17,10051.2,8100.0,2,6,13,4.429,neutral,12,1
2026-06-25 21:18,10051.05,8100.0,2,7,13,4.429,neutral,12,1
2026-06-25 21:18,10050.75,8100.0,2,6,13,4.429,neutral,12,1
2026-06-25 21:19,10051.2,8100.0,2,7,13,4.429,neutral,12,1
2026-06-25 21:19,10051.79,8100.0,2,5,13,4.429,neutral,12,1
2026-06-25 21:19,10051.79,8100.0,2,3,15,4.429,neutral,12,1
2026-06-25 22:48,10073.83,8100.0,2,8,15,4.53,neutral,12,1
2026-06-25 22:49,10073.53,8100.0,2,5,15,4.544,neutral,12,1
2026-06-25 22:49,10073.53,8100.0,2,5,15,4.563,neutral,12,1
2026-06-25 22:49,10071.48,8100.0,2,6,15,4.563,neutral,12,1
2026-06-25 22:50,10071.79,8100.0,2,6,15,4.563,neutral,12,1
2026-06-25 22:50,10072.95,8100.0,2,8,15,4.563,neutral,12,1
2026-06-25 22:50,10072.81,8100.0,2,6,15,4.563,neutral,12,1
2026-06-25 22:51,10072.36,8100.0,2,6,15,4.563,neutral,12,1
2026-06-25 22:51,10071.77,8100.0,2,7,15,4.563,neutral,12,1
2026-06-25 22:51,10071.77,8100.0,2,8,15,4.563,neutral,12,1
2026-06-25 22:52,10072.06,8100.0,2,6,15,4.563,neutral,12,1
2026-06-25 22:52,10072.95,8100.0,2,6,15,4.563,neutral,12,1
2026-06-25 22:52,10072.65,8100.0,2,6,15,4.563,neutral,12,1
2026-06-25 22:52,10072.36,8100.0,2,7,15,4.563,neutral,12,1
2026-06-25 22:53,10072.65,8100.0,2,6,15,4.563,neutral,12,1
2026-06-25 22:53,10072.65,8100.0,2,5,15,4.563,neutral,12,1
2026-06-25 22:53,10072.36,8100.0,2,6,15,4.563,neutral,12,1
2026-06-25 22:54,10072.36,8100.0,2,4,17,4.563,neutral,12,1
2026-06-26 00:10,10093.38,8100.0,2,4,17,4.563,neutral,13,1
2026-06-26 00:10,10092.63,8100.0,2,5,17,4.563,neutral,13,1
2026-06-26 00:10,10092.05,8100.0,2,8,17,4.563,neutral,13,1
2026-06-26 00:11,10092.93,8100.0,2,7,17,4.563,neutral,13,1
2026-06-26 00:11,10091.6,8100.0,2,8,17,4.563,neutral,13,1
2026-06-26 00:11,10092.05,8100.0,2,6,17,4.563,neutral,13,1
2026-06-26 00:12,10090.87,8100.0,2,7,17,4.563,neutral,13,1
2026-06-26 00:12,10089.11,8100.0,2,6,17,4.563,neutral,13,1
2026-06-26 00:12,10090.87,8100.0,2,7,17,4.563,neutral,13,1
2026-06-26 00:13,10090.44,8100.0,2,7,17,4.563,neutral,13,1
2026-06-26 00:13,10090.85,8100.0,2,6,17,4.563,neutral,13,1
2026-06-26 00:13,10091.75,8100.0,2,6,17,4.563,neutral,13,1
2026-06-26 00:14,10093.51,8100.0,2,6,17,4.563,neutral,13,1
2026-06-26 00:14,10094.4,8100.0,2,6,17,4.563,neutral,13,1
2026-06-26 00:14,10094.69,8100.0,2,5,17,4.563,neutral,13,1
2026-06-26 00:14,10094.1,8100.0,2,3,19,4.563,neutral,13,1
2026-06-26 04:42,10101.45,8100.0,2,7,19,4.563,neutral,13,1
2026-06-26 04:42,10099.69,8100.0,2,6,19,4.563,neutral,13,1
2026-06-26 04:42,10099.69,8100.0,2,6,19,4.563,neutral,13,1
2026-06-26 04:43,10099.98,8100.0,2,7,19,4.563,neutral,13,1
2026-06-26 04:43,10100.57,8100.0,2,6,19,4.563,neutral,13,1
2026-06-26 04:44,10099.69,8100.0,2,7,19,4.563,neutral,13,1
2026-06-26 04:44,10099.98,8100.0,2,8,19,4.563,neutral,13,1
2026-06-26 04:44,10102.49,8100.0,2,6,19,4.563,neutral,13,1
2026-06-26 04:45,10102.62,8100.0,2,7,19,4.563,neutral,13,1
2026-06-26 04:45,10102.04,8100.0,2,7,19,4.563,neutral,13,1
2026-06-26 04:45,10101.74,8100.0,2,8,19,4.563,neutral,13,1
2026-06-26 04:46,10101.45,8100.0,2,7,19,4.563,neutral,13,1
2026-06-26 04:46,10099.69,8100.0,2,6,19,4.563,neutral,13,1
2026-06-26 04:47,10100.57,8100.0,2,7,19,4.563,neutral,13,1
2026-06-26 04:47,10100.27,8100.0,2,6,19,4.563,neutral,13,1
2026-06-26 04:47,10100.13,8100.0,2,4,21,4.563,neutral,13,1
2026-06-26 08:24,10155.81,8100.0,2,7,21,4.563,neutral,13,1
2026-06-26 08:24,10155.81,8100.0,2,7,21,4.563,neutral,13,1
2026-06-26 08:24,10156.11,8100.0,2,6,21,4.563,neutral,13,1
2026-06-26 08:25,10156.69,8100.0,2,8,21,4.563,neutral,13,1
2026-06-26 08:25,10157.87,8100.0,2,8,21,4.563,neutral,13,1
2026-06-26 08:25,10156.85,8100.0,2,7,21,4.563,neutral,13,1
2026-06-26 08:26,10156.4,8100.0,2,6,21,4.563,neutral,13,1
2026-06-26 08:26,10155.52,8100.0,2,7,21,4.563,neutral,13,1
2026-06-26 08:26,10154.64,8100.0,2,8,21,4.563,neutral,13,0
2026-06-26 08:27,10153.89,8100.0,2,8,21,4.563,neutral,13,0
2026-06-26 08:27,10152.44,8100.0,2,8,21,4.563,neutral,13,0
2026-06-26 08:27,10154.05,8100.0,2,7,21,4.563,neutral,13,0
2026-06-26 08:28,10153.76,8100.0,2,7,21,4.563,neutral,13,0
2026-06-26 08:28,9989.07,8615.39,2,5,23,4.563,neutral,13,0
2026-06-26 11:25,9966.53,8615.39,2,6,23,4.563,neutral,13,0
2026-06-26 11:25,9966.37,8615.39,2,6,23,4.563,neutral,13,0
2026-06-26 11:26,9966.1,8615.39,2,6,23,4.563,neutral,13,0
2026-06-26 11:26,9965.64,8615.39,2,7,23,4.563,neutral,13,0
2026-06-26 11:26,9965.37,8615.39,2,7,23,4.563,neutral,13,0
2026-06-26 11:27,9965.76,8615.39,2,6,23,4.563,neutral,13,0
2026-06-26 11:27,9965.75,8615.39,2,8,23,4.563,neutral,13,0
2026-06-26 11:27,9965.25,8615.39,2,8,23,4.563,neutral,13,0
2026-06-26 11:28,9964.95,8615.39,2,10,23,4.563,neutral,13,0
2026-06-26 11:28,9965.41,8615.39,2,7,23,4.563,neutral,13,0
2026-06-26 11:28,9965.03,8615.39,2,7,23,4.563,neutral,13,0
2026-06-26 11:29,9963.53,8615.39,2,7,23,4.563,neutral,13,0
2026-06-26 11:29,9963.74,8615.39,2,7,23,4.563,neutral,13,0
2026-06-26 11:29,9963.86,8615.39,2,7,23,4.563,neutral,13,0
2026-06-26 11:30,9963.97,8615.39,2,7,23,4.563,neutral,13,0
2026-06-26 11:30,9964.52,8615.39,2,5,25,4.563,neutral,13,0
2026-06-26 13:31,9966.21,8615.39,2,8,25,4.563,neutral,13,0
2026-06-26 13:32,9968.74,8615.39,2,6,25,4.563,neutral,13,0
2026-06-26 13:32,9967.66,8615.39,2,9,25,4.563,neutral,13,0
2026-06-26 13:32,9969.01,8615.39,2,8,25,4.563,neutral,13,0
2026-06-26 13:33,9967.42,8615.39,2,6,25,4.563,neutral,13,0
2026-06-26 13:33,9963.1,8615.39,2,6,25,4.563,neutral,13,0
2026-06-26 13:33,9962.58,8615.39,2,7,25,4.563,neutral,13,0
2026-06-26 13:34,9961.43,8615.39,2,7,25,4.563,neutral,13,0
2026-06-26 13:34,9965.43,8615.39,2,7,25,4.563,neutral,13,0
2026-06-26 13:35,9965.47,8615.39,2,7,25,4.563,neutral,13,0
2026-06-26 13:35,9969.35,8615.39,2,8,25,4.563,neutral,13,0
2026-06-26 13:35,9973.32,8615.39,2,8,25,4.563,neutral,13,0
2026-06-26 13:36,9974.97,8615.39,2,6,25,4.563,neutral,13,0
2026-06-26 13:36,9972.2,8615.39,2,4,27,4.563,neutral,13,0
2026-06-26 15:44,10023.26,8615.39,2,9,27,4.563,neutral,13,0
2026-06-26 15:44,10023.04,8615.39,2,6,27,4.563,neutral,13,0
2026-06-26 15:44,10023.22,8615.39,2,8,27,4.563,neutral,13,0
2026-06-26 15:45,10023.5,8615.39,2,7,27,4.563,neutral,13,0
2026-06-26 15:45,10021.2,8615.39,2,8,27,4.563,neutral,13,0
2026-06-26 15:45,10020.96,8615.39,2,7,27,4.563,neutral,13,0
2026-06-26 15:46,10019.04,8615.39,2,7,27,4.563,neutral,13,0
2026-06-26 15:46,10018.81,8615.39,2,7,27,4.563,neutral,13,0
2026-06-26 15:46,10018.79,8615.39,2,6,27,4.563,neutral,13,0
2026-06-26 15:47,10018.17,8615.39,2,8,27,4.563,neutral,13,0
2026-06-26 15:47,10018.29,8615.39,2,7,27,4.563,neutral,13,0
2026-06-26 15:47,10017.49,8615.39,2,7,27,4.563,neutral,13,0
2026-06-26 15:48,10017.07,8615.39,2,7,27,4.563,neutral,13,0
2026-06-26 15:48,10017.65,8615.39,2,5,29,4.563,neutral,13,0
2026-06-26 17:27,10028.41,8615.39,2,8,29,4.563,neutral,13,0
2026-06-26 17:28,10030.51,8615.39,2,6,29,4.563,neutral,13,0
2026-06-26 17:28,10029.6,8615.39,2,5,29,4.563,neutral,13,0
2026-06-26 17:29,10029.88,8615.39,2,5,29,4.563,neutral,13,0
2026-06-26 17:29,10030.14,8615.39,2,6,29,4.563,neutral,13,0
2026-06-26 17:29,10030.28,8615.39,2,6,29,4.563,neutral,13,0
2026-06-26 17:30,10032.14,8615.39,2,6,29,4.563,neutral,13,0
2026-06-26 17:31,10032.29,8615.39,2,9,29,4.563,neutral,13,0
2026-06-26 17:31,10029.7,8615.39,2,9,29,4.563,neutral,13,0
2026-06-26 17:32,9806.95,9163.9,2,7,31,4.563,neutral,13,0
2026-06-26 19:21,9808.33,9163.9,2,6,31,4.563,neutral,13,0
2026-06-26 19:21,9808.16,9163.9,2,7,31,4.563,neutral,13,0
2026-06-26 19:22,9808.06,9163.9,2,7,31,4.563,neutral,13,0
2026-06-26 19:22,9808.1,9163.9,2,6,31,4.563,neutral,13,0
2026-06-26 19:22,9807.58,9163.9,2,7,31,4.563,neutral,13,0
2026-06-26 19:23,9807.62,9163.9,2,6,31,4.563,neutral,13,0
2026-06-26 19:23,9807.15,9163.9,2,8,31,4.563,neutral,13,0
2026-06-26 19:23,9806.88,9163.9,2,7,31,4.563,neutral,13,0
2026-06-26 19:24,9807.05,9163.9,2,7,31,4.563,neutral,13,0
2026-06-26 19:24,9807.06,9163.9,2,5,31,4.563,neutral,13,0
2026-06-26 19:24,9807.29,9163.9,2,8,31,4.563,neutral,13,0
2026-06-26 19:25,9807.83,9163.9,2,7,31,4.563,neutral,13,0
2026-06-26 19:25,9807.72,9163.9,2,7,31,4.563,neutral,13,0
2026-06-26 19:25,9807.87,9163.9,2,7,31,4.563,neutral,13,0
2026-06-26 19:26,9807.59,9163.9,2,7,31,4.563,neutral,13,0
2026-06-26 19:26,9807.53,9163.9,2,5,33,4.563,neutral,13,0
2026-06-26 21:09,9801.46,9163.9,2,7,33,4.563,neutral,13,0
2026-06-26 21:09,9801.45,9163.9,2,6,33,4.563,neutral,13,0
2026-06-26 21:10,9801.65,9163.9,2,8,33,4.563,neutral,13,0
2026-06-26 21:10,9801.9,9163.9,2,9,33,4.563,neutral,13,0
2026-06-26 21:10,9802.04,9163.9,2,7,33,4.563,neutral,13,0
2026-06-26 21:11,9801.63,9163.9,2,9,33,4.563,neutral,13,0
2026-06-26 21:11,9801.59,9163.9,2,7,33,4.563,neutral,13,0
2026-06-26 21:11,9801.65,9163.9,2,6,33,4.563,neutral,13,0
2026-06-26 21:12,9801.63,9163.9,2,7,33,4.563,neutral,13,0
2026-06-26 21:12,9801.51,9163.9,2,7,33,4.563,neutral,13,0
2026-06-26 21:12,9801.46,9163.9,2,5,33,4.563,neutral,13,0
2026-06-26 21:13,9801.51,9163.9,2,7,33,4.563,neutral,13,0
2026-06-26 21:13,9801.82,9163.9,2,8,33,4.563,neutral,13,0
2026-06-26 21:14,9801.77,9163.9,2,7,33,4.563,neutral,13,0
2026-06-26 21:14,9801.72,9163.9,2,5,35,4.563,neutral,13,0
2026-06-26 22:39,9801.4,9163.9,2,8,35,4.563,neutral,13,0
2026-06-26 22:40,9801.56,9163.9,2,8,35,4.563,neutral,13,0
2026-06-26 22:40,9801.65,9163.9,2,8,35,4.563,neutral,13,0
2026-06-26 22:41,9801.69,9163.9,2,8,35,4.563,neutral,13,0
2026-06-26 22:42,9801.84,9163.9,2,8,35,4.563,neutral,13,0
2026-06-26 22:42,9801.9,9163.9,2,9,35,4.563,neutral,13,0
2026-06-26 22:43,9801.76,9163.9,2,8,35,4.563,neutral,13,0
2026-06-26 22:43,9802.23,9163.9,2,8,35,4.563,neutral,13,0
2026-06-26 22:44,9802.33,9163.9,2,6,35,4.563,neutral,13,0
2026-06-26 22:44,9802.43,9163.9,2,4,37,4.563,neutral,13,0
2026-06-26 23:51,9803.06,9163.9,2,4,37,4.563,neutral,13,0
2026-06-26 23:51,9803.05,9163.9,2,7,37,4.563,neutral,13,0
2026-06-26 23:52,9803.08,9163.9,2,7,37,4.563,neutral,13,0
2026-06-26 23:52,9802.86,9163.9,2,5,37,4.563,neutral,13,0
2026-06-26 23:53,9802.82,9163.9,2,6,37,4.563,neutral,13,0
2026-06-26 23:54,9802.77,9163.9,2,6,37,4.563,neutral,13,0
2026-06-26 23:54,9802.69,9163.9,2,6,37,4.563,neutral,13,0
2026-06-26 23:55,9802.8,9163.9,2,6,37,4.563,neutral,13,0
2026-06-26 23:55,9802.89,9163.9,2,4,39,4.563,neutral,13,0
2026-06-27 02:51,9804.9,9163.9,2,8,39,4.563,neutral,15,0
2026-06-27 02:51,9805.27,9163.9,2,6,39,4.563,neutral,15,0
2026-06-27 02:52,9805.36,9163.9,2,6,39,4.563,neutral,15,0
2026-06-27 02:52,9805.37,9163.9,2,6,39,4.563,neutral,15,0
2026-06-27 02:52,9805.27,9163.9,2,9,39,4.563,neutral,15,0
2026-06-27 02:53,9805.72,9163.9,2,7,39,4.563,neutral,15,0
2026-06-27 02:53,9805.66,9163.9,2,6,39,4.563,neutral,15,0
2026-06-27 02:53,9805.73,9163.9,2,9,39,4.563,neutral,15,0
2026-06-27 02:54,9805.84,9163.9,2,8,39,4.563,neutral,15,0
2026-06-27 02:54,9805.74,9163.9,2,8,39,4.563,neutral,15,0
2026-06-27 02:54,9805.81,9163.9,2,7,39,4.563,neutral,15,0
2026-06-27 02:55,9805.76,9163.9,2,6,39,4.563,neutral,15,0
2026-06-27 02:55,9805.56,9163.9,2,6,39,4.563,neutral,15,0
2026-06-27 02:55,9805.49,9163.9,2,7,39,4.563,neutral,15,0
2026-06-27 02:56,9805.59,9163.9,2,6,39,4.563,neutral,15,0
2026-06-27 02:56,9805.46,9163.9,2,4,41,4.563,neutral,15,0
2026-06-27 06:31,9804.17,9163.9,2,7,41,4.563,neutral,15,0
2026-06-27 06:31,9803.81,9163.9,2,6,41,4.563,neutral,15,0
2026-06-27 06:31,9804.04,9163.9,2,6,41,4.563,neutral,15,0
2026-06-27 06:32,9804.5,9163.9,2,5,41,4.563,neutral,15,0
2026-06-27 06:32,9804.48,9163.9,2,5,41,4.563,neutral,15,0
2026-06-27 06:32,9804.12,9163.9,2,6,41,4.563,neutral,15,0
2026-06-27 06:33,9804.67,9163.9,2,5,41,4.563,neutral,15,0
2026-06-27 06:33,9804.37,9163.9,2,5,41,4.563,neutral,15,0
2026-06-27 06:34,9804.34,9163.9,2,5,41,4.563,neutral,15,0
2026-06-27 06:34,9804.16,9163.9,2,5,41,4.563,neutral,15,0
2026-06-27 06:34,9804.13,9163.9,2,8,41,4.563,neutral,15,0
2026-06-27 06:35,9804.1,9163.9,2,6,41,4.563,neutral,15,0
2026-06-27 06:35,9804.17,9163.9,2,5,41,4.563,neutral,15,0
2026-06-27 06:35,9804.05,9163.9,2,8,41,4.563,neutral,15,0
2026-06-27 06:36,9803.75,9163.9,2,6,41,4.563,neutral,15,0
2026-06-27 06:36,9803.75,9163.9,2,4,43,4.563,neutral,15,0
2026-06-27 09:15,9802.8,9163.9,2,5,43,4.563,neutral,15,0
2026-06-27 09:15,9802.69,9163.9,2,6,43,4.563,neutral,15,0
2026-06-27 09:15,9802.61,9163.9,2,7,43,4.563,neutral,15,0
2026-06-27 09:16,9802.64,9163.9,2,5,43,4.563,neutral,15,0
2026-06-27 09:16,9802.8,9163.9,2,5,43,4.563,neutral,15,0
2026-06-27 09:16,9802.93,9163.9,2,7,43,4.563,neutral,15,0
2026-06-27 09:16,9802.89,9163.9,2,6,43,4.563,neutral,15,0
2026-06-27 09:17,9803.02,9163.9,2,6,43,4.563,neutral,15,0
2026-06-27 09:17,9802.78,9163.9,2,6,43,4.563,neutral,15,0
2026-06-27 09:17,9802.7,9163.9,2,5,43,4.563,neutral,15,0
2026-06-27 09:17,9802.65,9163.9,2,6,43,4.563,neutral,15,0
2026-06-27 09:17,9802.79,9163.9,2,7,43,4.563,neutral,15,0
2026-06-27 09:18,9802.82,9163.9,2,5,43,4.563,neutral,15,0
2026-06-27 09:18,9802.85,9163.9,2,5,43,4.669,neutral,15,0
2026-06-27 09:18,9802.96,9163.9,2,6,43,4.669,neutral,15,0
2026-06-27 09:18,9802.92,9163.9,2,5,43,4.669,neutral,15,0
2026-06-27 09:19,9803.03,9163.9,2,7,43,4.669,neutral,15,0
2026-06-27 09:19,9802.88,9163.9,2,5,43,4.669,neutral,15,0
2026-06-27 09:19,9802.85,9163.9,2,5,43,4.669,neutral,15,0
2026-06-27 09:19,9802.77,9163.9,2,6,43,4.669,neutral,15,0
2026-06-27 09:19,9802.73,9163.9,2,5,43,4.669,neutral,15,0
2026-06-27 09:20,9802.97,9163.9,2,6,43,4.669,neutral,15,0
2026-06-27 09:20,9803.14,9163.9,2,5,43,4.669,neutral,15,0
2026-06-27 09:20,9803.18,9163.9,2,5,43,4.669,neutral,15,0
2026-06-27 09:20,9803.11,9163.9,2,3,45,4.669,neutral,15,0
2026-06-28 13:08,9800.7,9163.9,2,6,45,4.669,neutral,18,0
2026-06-28 13:09,9800.87,9163.9,2,7,45,4.669,neutral,18,0
2026-06-28 13:09,9800.8,9163.9,2,7,45,4.669,neutral,18,0
2026-06-28 13:09,9800.91,9163.9,2,5,45,4.669,neutral,18,0
2026-06-28 13:10,9800.86,9163.9,2,5,45,4.669,neutral,18,0
2026-06-28 13:10,9800.87,9163.9,2,5,45,4.669,neutral,18,0
2026-06-28 13:10,9800.99,9163.9,2,5,45,4.669,neutral,18,0
2026-06-28 13:11,9801.0,9163.9,2,5,45,4.669,neutral,18,0
2026-06-28 13:11,9801.22,9163.9,2,5,45,4.669,neutral,18,0
2026-06-28 13:11,9801.3,9163.9,2,5,45,4.669,neutral,18,0
2026-06-28 13:12,9801.74,9163.9,2,5,45,4.669,neutral,18,0
2026-06-28 13:12,9801.57,9163.9,2,6,45,4.669,neutral,18,0
2026-06-28 13:12,9801.86,9163.9,2,6,45,4.669,neutral,18,0
2026-06-28 13:13,9801.91,9163.9,2,6,45,4.669,neutral,18,0
2026-06-28 13:13,9802.01,9163.9,2,6,45,4.669,neutral,18,0
2026-06-28 13:13,9802.38,9163.9,2,6,45,4.669,neutral,18,0
2026-06-28 13:13,9802.31,9163.9,2,4,47,4.669,neutral,18,0
2026-06-28 14:19,9803.33,9163.9,2,6,47,4.669,neutral,18,0
2026-06-28 14:19,9803.51,9163.9,2,7,47,4.669,neutral,18,0
2026-06-28 14:19,9804.82,9163.9,2,6,47,4.669,neutral,18,0
2026-06-28 14:19,9805.51,9163.9,2,7,47,4.669,neutral,18,0
2026-06-28 14:20,9805.17,9163.9,2,6,47,4.669,neutral,18,0
2026-06-28 14:20,9804.73,9163.9,2,7,47,4.669,neutral,18,0
2026-06-28 14:20,9804.72,9163.9,2,7,47,4.669,neutral,18,0
2026-06-28 14:21,9804.7,9163.9,2,5,47,4.669,neutral,18,0
2026-06-28 14:21,9804.85,9163.9,2,5,47,4.669,neutral,18,0
2026-06-28 14:21,9804.66,9163.9,2,6,47,4.669,neutral,18,0
2026-06-28 14:22,9804.83,9163.9,2,5,47,4.669,neutral,18,0
2026-06-28 14:22,9804.25,9163.9,2,6,47,4.669,neutral,18,0
2026-06-28 14:22,9803.93,9163.9,2,5,47,4.669,neutral,18,0
2026-06-28 14:23,9803.53,9163.9,2,7,47,4.669,neutral,18,0
2026-06-28 14:23,9803.67,9163.9,2,5,49,4.669,neutral,18,0
2026-06-28 15:45,9803.54,9163.9,2,5,49,4.669,neutral,18,0
2026-06-28 15:45,9803.4,9163.9,2,6,49,4.669,neutral,18,0
2026-06-28 15:46,9803.37,9163.9,2,8,49,4.669,neutral,18,0
2026-06-28 15:46,9803.42,9163.9,2,7,49,4.669,neutral,18,0
2026-06-28 15:46,9803.06,9163.9,2,6,49,4.669,neutral,18,0
2026-06-28 15:47,9802.92,9163.9,2,6,49,4.669,neutral,18,0
2026-06-28 15:47,9803.12,9163.9,2,7,49,4.669,neutral,18,0
2026-06-28 15:47,9803.03,9163.9,2,7,49,4.669,neutral,18,0
2026-06-28 15:48,9802.84,9163.9,2,6,49,4.669,neutral,18,0
2026-06-28 15:48,9802.95,9163.9,2,5,49,4.669,neutral,18,0
2026-06-28 15:48,9802.93,9163.9,2,5,49,4.669,neutral,18,0
2026-06-28 15:49,9802.94,9163.9,2,6,49,4.669,neutral,18,0
2026-06-28 15:49,9802.79,9163.9,2,5,49,4.669,neutral,18,0
2026-06-28 15:49,9802.71,9163.9,2,5,49,4.669,neutral,18,0
2026-06-28 15:50,9802.59,9163.9,2,7,49,4.669,neutral,18,0
2026-06-28 15:50,9803.04,9163.9,2,8,49,4.669,neutral,18,0
2026-06-28 15:50,9803.01,9163.9,2,6,51,4.669,neutral,18,0
2026-06-28 16:51,9799.46,9163.9,2,6,51,4.669,neutral,18,0
2026-06-28 16:52,9799.48,9163.9,2,8,51,4.669,neutral,18,0
2026-06-28 16:52,9799.8,9163.9,2,7,51,4.669,neutral,18,0
2026-06-28 16:52,9799.3,9163.9,2,6,51,4.669,neutral,18,0
2026-06-28 16:52,9799.11,9163.9,2,8,51,4.669,neutral,18,0
2026-06-28 16:53,9799.3,9163.9,2,6,51,4.669,neutral,18,0
2026-06-28 16:53,9799.41,9163.9,2,6,51,4.669,neutral,18,0
2026-06-28 16:53,9799.48,9163.9,2,8,51,4.669,neutral,18,0
2026-06-28 16:54,9799.6,9163.9,2,7,51,4.669,neutral,18,0
2026-06-28 16:54,9799.34,9163.9,2,7,51,4.669,neutral,18,0
2026-06-28 16:54,9799.39,9163.9,2,7,51,4.669,neutral,18,0
2026-06-28 16:54,9799.76,9163.9,2,8,51,4.669,neutral,18,0
2026-06-28 16:55,9799.76,9163.9,2,8,51,4.669,neutral,18,0
2026-06-28 16:55,9799.86,9163.9,2,6,51,4.669,neutral,18,0
2026-06-28 16:55,9799.62,9163.9,2,8,51,4.669,neutral,18,0
2026-06-28 16:56,9799.81,9163.9,2,6,51,4.669,neutral,18,0
2026-06-28 16:56,9799.59,9163.9,2,6,51,4.669,neutral,18,0
2026-06-28 16:56,9799.74,9163.9,2,7,51,4.669,neutral,18,0
2026-06-28 16:56,9799.74,9163.9,2,5,53,4.669,neutral,18,0
2026-06-28 18:06,9800.43,9163.9,2,7,53,4.669,neutral,18,0
2026-06-28 18:06,9800.67,9163.9,2,8,53,4.669,neutral,18,0
2026-06-28 18:07,9800.53,9163.9,2,7,53,4.669,neutral,18,0
2026-06-28 18:07,9800.71,9163.9,2,7,53,4.669,neutral,18,0
2026-06-28 18:07,9800.64,9163.9,2,7,53,4.669,neutral,18,0
2026-06-28 18:08,9800.58,9163.9,2,6,53,4.669,neutral,18,0
2026-06-28 18:08,9800.51,9163.9,2,7,53,4.669,neutral,18,0
2026-06-28 18:08,9800.61,9163.9,2,7,53,4.669,neutral,18,0
2026-06-28 18:09,9800.87,9163.9,2,5,53,4.669,neutral,18,0
2026-06-28 18:09,9800.68,9163.9,2,7,53,4.669,neutral,18,0
2026-06-28 18:09,9800.83,9163.9,2,7,53,4.669,neutral,18,0
2026-06-28 18:10,9800.47,9163.9,2,6,53,4.669,neutral,18,0
2026-06-28 18:10,9800.42,9163.9,2,6,53,4.669,neutral,18,0
2026-06-28 18:10,9800.56,9163.9,2,7,53,4.669,neutral,18,0
2026-06-28 18:11,9800.24,9163.9,2,7,53,4.669,neutral,18,0
2026-06-28 18:11,9800.21,9163.9,2,5,55,4.669,neutral,18,0
2026-06-28 19:48,9793.07,9163.9,2,6,55,4.669,neutral,18,0
2026-06-28 19:48,9792.98,9163.9,2,6,55,4.669,neutral,18,0
2026-06-28 19:48,9793.24,9163.9,2,6,55,4.669,neutral,18,0
2026-06-28 19:49,9793.56,9163.9,2,8,55,4.669,neutral,18,0
2026-06-28 19:49,9793.82,9163.9,2,6,55,4.669,neutral,18,0
2026-06-28 19:50,9793.66,9163.9,2,7,55,4.669,neutral,18,0
2026-06-28 19:50,9793.66,9163.9,2,8,55,4.669,neutral,18,0
2026-06-28 19:50,9793.52,9163.9,2,5,55,4.669,neutral,18,0
2026-06-28 19:51,9793.7,9163.9,2,6,55,4.669,neutral,18,0
2026-06-28 19:51,9793.63,9163.9,2,7,55,4.669,neutral,18,0
2026-06-28 19:51,9793.54,9163.9,2,6,55,4.669,neutral,18,0
2026-06-28 19:52,9793.93,9163.9,2,7,55,4.669,neutral,18,0
2026-06-28 19:52,9793.81,9163.9,2,7,55,4.669,neutral,18,0
2026-06-28 19:52,9793.7,9163.9,2,7,55,4.669,neutral,18,0
2026-06-28 19:53,9793.38,9163.9,2,5,55,4.669,neutral,18,0
2026-06-28 19:53,9793.08,9163.9,2,3,57,4.669,neutral,18,0
